{"dti_loss": 0.007173290476202965, "dti_acc": 0.9575815131370687, "dti_auc": 0.9748827147732131, "dti_aupr": 0.9771236139880964, "test_dti_acc": 0.9604305159860715, "test_dti_auc": 0.9756310430206014, "test_dti_aupr": 0.9776756853710201, "_runtime": 7187, "_timestamp": 1621838737, "_step": 99}