{"graph_0": {"_type": "graph-file", "path": "media/graph/graph_0_summary_de4107e6.graph.json", "sha256": "de4107e63c2194a30dba1d68cd9d17d2c2156d364161b886aadf291fb47def58", "size": 4045}, "cpi_loss": 0.6490434408187866, "dti_loss": 0.7334787249565125, "total_loss": 411.7979431152344, "cpi_acc": 0.7269076305220884, "cpi_auc": 0.4587146571335717, "cpi_aupr": 0.2405121477396277, "dti_acc": 0.5295979740424185, "dti_auc": 0.5489257253094434, "dti_aupr": 0.5326084448127588, "test_dti_acc": 0.5431043579191728, "test_dti_auc": 0.5607619823151808, "test_dti_aupr": 0.5503077697189499, "test_cpi_acc": 0.7479935794542536, "test_cpi_auc": 0.48768828080150894, "test_cpi_aupr": 0.23594594602231425, "_runtime": 407, "_timestamp": 1623382979, "_step": 1}