{"dti_loss": 54.79104995727539, "dti_acc": 0.9436530547641658, "dti_auc": 0.9733375577897352, "dti_aupr": 0.9695021121569269, "test_dti_acc": 0.9447082410045373, "test_dti_auc": 0.9751472183566825, "test_dti_aupr": 0.9728402850900404, "_runtime": 321, "_timestamp": 1621831129, "_step": 1}