{"cpi_loss": 0.3145512342453003, "cpi_acc": 0.8796787148594377, "cpi_auc": 0.9376071593997519, "cpi_aupr": 0.8574336828237082, "test_cpi_acc": 0.8760237674642685, "test_cpi_auc": 0.921536897358579, "test_cpi_aupr": 0.8375019228707782, "_runtime": 171, "_timestamp": 1621840103, "_step": 3}