{"graph_0": {"_type": "graph-file", "path": "media/graph/graph_0_summary_3c635436.graph.json", "sha256": "3c635436cd7f87376b71f4b1238159c6962c2ba4ae6eb71ccec912d581e4decb", "size": 3656}, "cpi_loss": 135.13156127929688, "dti_loss": 114.77861785888672, "total_loss": 249.91017150878906, "cpi_acc": 0.876144578313253, "cpi_auc": 0.8920314436928727, "cpi_aupr": 0.8168612286221869, "dti_acc": 0.9223382927086631, "dti_auc": 0.9692826675286601, "dti_aupr": 0.9677446404029839, "test_dti_acc": 0.9287749287749287, "test_dti_auc": 0.9722772498147496, "test_dti_aupr": 0.9716600702548338, "test_cpi_acc": 0.8774690862373534, "test_cpi_auc": 0.8887593874365658, "test_cpi_aupr": 0.8155680379994201, "_runtime": 680, "_timestamp": 1621771373, "_step": 0}