{"graph_0": {"_type": "graph-file", "path": "media/graph/graph_0_summary_4bf84024.graph.json", "sha256": "4bf840244d83ebb032b5d547c0351bbcf76ddb2236fce26b1e59bab09780c43b", "size": 3831}, "cpi_loss": 0.6927508115768433, "dti_loss": 0.7244040966033936, "total_loss": 434.9805908203125, "cpi_acc": 0.7463453815261044, "cpi_auc": 0.526624195035083, "cpi_aupr": 0.3166819942688864, "dti_acc": 0.5308641975308642, "dti_auc": 0.5343248068375623, "dti_aupr": 0.5157595364353036, "test_dti_acc": 0.5370897963490556, "test_dti_auc": 0.5450759043782357, "test_dti_aupr": 0.5256685021565471, "test_cpi_acc": 0.7462662598361972, "test_cpi_auc": 0.5219191366146119, "test_cpi_aupr": 0.31552007894655426, "_runtime": 235, "_timestamp": 1622293314, "_step": 0}